title,artist
Easy On Me,Adele
Do It To It (feat. Cherish),Acraze
Dat Heb Jij Gedaan,MEAU
Cold Heart (PNAU Remix),Elton John & Dua Lipa
Better Days,Dermot Kennedy
Moth To A Flame,Swedish House Mafia & The Weeknd
Hold On,Adele
The Motto,Tiësto & Ava Max
Hold Me,The Teskey Brothers
Ons Moeder Zeej Nog,Jan Biggel
Schiddi Widdi Witt,Gino Graus
I Drink Wine,Adele
Hard To Say Goodbye,RONDÉ
Three Little Birds,Bob Marley & The Wailers
Misschien Huil Ik Niet Hard Genoeg,Bolland & Bolland
Thunder,"Gabry Ponte, LUM!X & Prezioso"
Mañana,Evert Van Huygevoort
Baby Lekker Ding,Jeffrey Heesen
Everybody Needs Somebody To Love,Danny Froger & Wesley Klein
To Be Loved,Adele
Overpass Graffiti,Ed Sheeran
Alle Remmen Los,Helemaal Hollands
Only You,Rene Le Blanc
Dopamine (feat. Eyelar),Purple Disco Machine
Love Is A Game,Adele
Can I Get It,Adele
Neem Er Één Van Mij,Mart Hoogkamer
Skyfall,Adele
Rolling In the Deep,Adele
Hello,Adele
Nothing Else Matters,Metallica
Bohemian Rhapsody,Queen
Happy Birthday,Stevie Wonder
Santa Tell Me,Ariana Grande
Tears In Heaven,Eric Clapton
Stairway to Heaven,Led Zeppelin
Pepas,Farruko
Born Slippy (Nuxx),Underworld
Shivers,Ed Sheeran
Tot Over M'n Oren,Bob Offenberg
Where Are You Now,Lost Frequencies & Calum Scott
Talk About,Rain Radio & DJ Craig Gorman
Ja Wie Niet Springt (Die Moet Betalen),Gebroeders Ko
My Universe,Coldplay X BTS
Coming Home With Santa,OG3NE
Everywhere (BBC Children In Need),Niall Horan & Anne-Marie
In De Nacht,Yade Lauren
It's Beginning to Look a Lot like Christmas,Michael Bublé
STAR,ONEWE
I'll Never Love Again (Film Version),Lady Gaga & Bradley Cooper
Ablaze,Alanis Morissette
Shivers (feat. Jessi & SUNMI),Ed Sheeran
Vivo,Andrea Laszlo De Simone
Carol of the Bells,August Burns Red
So Much To Say,Aaron Carter
To the Moon,Betoko
Jungle Teknah,SHERELLE
Coraline (feat. Mick Jenkins),"Ben Beal, Elijah Who & REASON"
On Your Side,Marco Mattei
Void,Marco Mattei
More Intense,Marco Mattei
Would I Be Me,Marco Mattei
Thanatos (Extended Mix),Milad E & David Deere
Drama (Isabella Lovestory and Chicken Remix),"Erika de Casier, Chicken & Isabella Lovestory"
N.L.M.B,Rx Papi & Gud
Boys Will Be Boys,CASISDEAD
How Do You Love (with Lee Brice & Lindsay Ell),"Cheat Codes, Lee Brice & Lindsay Ell"
Underwater (Extended Mix),"LTN, Maratone & AXYL"
Last Before Lights,Anz
Believe (feat. KdotMelody) [Bruise Remix],PRVNA
Beating,Tirzah
Abc Song (English Version),Learning Kids Crew
Free (Live Your Life) [Ibitaly & Gregor Salto Remix 2020] [Radio Edit],Ultra Naté
Falling In Love (feat. P Nut),System Olympia
Battle Hymn,Alibi Music
Pray,Quake & OR
Schindler's List Main Theme,2CELLOS
Find Me A Lonely Cave,Catherine Bott & Mark Levy
Nunca Se Sabe Corazón,Alex Rodriguez
Cobblestone Village,Brandon Fiechter
Frederic's Dream (Frederic's Dream of Blues),Luca Sestak
Cueca Punteada,Angel Parra
Tinja Lumin,Tomislav Bralić
Mirjam,Németh József & Fáy együttes
Que Rico el Mambo,Xavier Cugat and His Orchestra
We Love You Beatles,Strawberry Walrus
I Follow Rivers (Live @ Giel! - Vara/3fm),Triggerfinger
Wake Me Up,Avicii
Dat Ik Je Mis,Maaike Ouboter
Happiness,Alexis Jordan
Waka Waka (This Time for Africa) [The Official 2010 FIFA World Cup (TM) Song] [feat. Freshlyground],Shakira
Ik Neem Je Mee (Instrumental Version),Gers Pardoel
All of Me,John Legend
More (From The Voice of Holland),Sandra van Nieuwland
This Is What It Feels Like (feat. Trevor Guthrie),Armin van Buuren
Papaoutai,Stromae
Beauty & de Brains,Nielson
Just Give Me a Reason (feat. Nate Ruess),P!nk
Someone Like You,Adele
Get Lucky (feat. Pharrell Williams) [Radio Edit],Daft Punk
Raataan Lambiyan,"Tanishk Bagchi, Jubin Nautiyal & Asees Kaur"
Bijlee Bijlee,Harrdy Sandhu
love nwantiti (feat. Axel & DJ Yo) [Remix],CKay
Jugnu (feat. Nikhita Gandhi),Badshah
Manike Mage Hithe,"Chamath Sangeeth, Yohani & Satheeshan"
"Voice Of Unity (From ""Maanaadu"")","Yuvan Shankar Raja, Silambarasan TR & Arivu"
STAY,The Kid LAROI & Justin Bieber
Tattoo Waaliye,"Shankar-Ehsaan-Loy, Neha Kakkar & Pardeep Sran"
Ranjha,Jasleen Royal & B. Praak
Mann Bharryaa 2.0,B. Praak
Bunty Aur Babli 2,"Shankar-Ehsaan-Loy, Siddharth Mahadevan & Bohemia"
Lover,Diljit Dosanjh
Life Goes On,Oliver Tree
INDUSTRY BABY,Lil Nas X & Jack Harlow
Voice Of Unity,"Yuvan Shankar Raja, Silambarasan TR & Arivu"
Perfect,Ed Sheeran
"Raataan Lambiyan (From ""Shershaah"")","Tanishk Bagchi, Jubin Nautiyal & Asees Kaur"
Ma Belle,AP Dhillon & Amari
Easy On Me,Adele
Where Are You,Otnicka
Soul of Doctor (Theme),Anirudh Ravichander & Niranjana Ramanan
Unstoppable,Sia
Rhtdm  Flip,SAM BOI
"Srivalli [From ""Pushpa - The Rise (Part - 01)""]",Sid Sriram & Devi Sri Prasad
Racing Into the Night (Ringtone Remix),Lilorx
"Filhaal2 Mohabbat (feat. Akshay Kumar, Nupur Sanon & Ammy Virk)",B. Praak
Insane,"AP Dhillon, Shinda Kahlon, Gurinder Gill & Gminxr"
Luv Ju,Shankar-Ehsaan-Loy & Arijit Singh
Seventeen,Alessia Cara
Hold On,Arjan Dhillon
Score,Arjan Dhillon
Maanaadu Theme,Yuvan Shankar Raja
Kaun Tujhe,Palak Muchhal
New India,Shashwat Sachdev
Ik Onkar,A. R. Rahman & Harshdeep Kaur
Shiddat Title Track,Manan Bhardwaj
Sooryavanshi Theme,Lijo George
Happy B'day,"Sachin Sanghvi, Jigar Saraiya, Varun Dhavan & D Soldierz"
Wahran,Randall
"Soul of Doctor (Theme) [From ""Doctor""]",Anirudh Ravichander & Niranjana Ramanan
Rangi Saari,Kavita Seth & Kanishk Seth
"Tum Tum (From ""Enemy - Tamil"")","Thaman S., Sri Vardhini, Aditi Bhavaraju, Satya Yamini, Roshini JKV & Tejaswini"
"Naatu Naatu (From ""RRR"")","Rahul Sipligunj, Kaala Bhairava & M.M. Keeravani"
Doctor Theme (Background Score),Anirudh Ravichander
Snehithane X In My Bed (Remix),Shubham Rangra & Subhash Chand
"Meri Zindagi Hai Tu (From ""Satyameva Jayate 2"")","Jubin Nautiyal, Neeti Mohan, Rochak Kohli & Nusrat Fateh Ali Khan"
Krishna Krish Flute,Lakhinandan Lahon & Instrumental
First Kiss,Justin Prabhakaran
We Rollin,Shubh
Chitta,Manan Bhardwaj
The Good Part,AJR
"Manniley Eeramundu (From ""Jai Bhim"")","Sean Roldan, Vaikom Vijayalakshmi & Yugabharathi"
Я буду ебать (feat. IHI),Moreart
Everyday Normal Guy 2,Jon Lajoie
"Valimai Motion Poster Theme (From ""Valimai"")",Yuvan Shankar Raja
"Mere Yaaraa (From ""Sooryavanshi"")","Arijit Singh, Neeti Mohan, Kaushik, Guddu & Akash"
Meri Zindagi Hai Tu,Jubin Nautiyal & Neeti Mohan
Distance Love,Grewal & Pathania Zehr Vibe
"Leharaayi (From ""Most Eligible Bachelor"")",Sid Sriram & Gopi Sundar
Love Nwantiti (feat. MCqasim) [German Remix],CKay
Khalnayak,Kulbir Jhinjer
Parshawan,Harnoor
LA FAMA (feat. The Weeknd),ROSALÍA
Parshawan (Lofi Remix),WORMONO
"Kamli (From ""Hum Do Hamare Do"")","Sachin-Jigar, Jubin Nautiyal & Divya Kumar"
Cheri Cheri Lady (New Version),Modern Talking
Raataan Lambiyan (Lofi Flip),"VIBIE, Jubin Nautiyal, Asees Kaur & Tanishk Bagchi"
I Me Mine (2021 Mix),The Beatles
The Motto,Tiësto & Ava Max
KINGDOM COME,THE BOYZ
The Long and Winding Road (2021 Mix),The Beatles
Raama Pahi,Bombay S. Jayashri
Mahol,Arjan Dhillon
Sangdi Sangdi,Arjan Dhillon
Shama Paiya,Arjan Dhillon
Fire Fur,Arjan Dhillon
Pyaar Karte Ho Na,"Javed-Mohsin, Stebin Ben & Shreya Ghoshal"
Sai Narayana,Salim Sulaiman & Raj Pandit
Tera Dur Ae Canada Sade Pind To,Brave Malhi
MAKE U DANCE (feat. EUNHA),ADORA
When Friday Comes,KOLIDESCOPES
Breathe Deeper (Lil Yachty Remix),Tame Impala & Lil Yachty
Time Without End,Spectacles Wallet and Watch
Pyara Sa Nanha Munna,Amaresh Dey
Reaching Out (feat. Bow Anderson),Dillon Francis
0X1=LOVESONG (I Know I Love You) [Emocore Mix] [feat. Seori],TOMORROW X TOGETHER
Aaoge Jab,V Jackk
Dreaming (feat. SMBDY),David Solomon
Victory,Tokio Myers & KODO
Mosquito Bay,214
Reykjavik,Liebknecht
Mile Marker 84 (feat. ALONZO),Machine Funk Is Our Game Volume 4
Seven Cities,Daal Band
When You're Out (feat. Mae Muller),Billen Ted
Nano Technology,The Hacker
Feels Like Love,Syn Cole & MIYA MIYA
Hammervand,Splash Pattern
Balance,Mr. Bow
Big L + Jay-Z Freestyle,"Stretch and Bobbito, Big L & JAY-Z"
Incantation,Trichome
